
--triasico
insert into Dinosaurios (id_dinosaurio, fecha_nacimiento, especie, genero, altura, peso) values (1, '2022-09-18', 'Coelophysis', 'Macho', 3.04, 7.92); --carnivoro
insert into Dinosaurios (id_dinosaurio, fecha_nacimiento, especie, genero, altura, peso) values (3, '2011-07-24', 'Chindesaurus', 'Macho', 0.75, 103.33); --carnivoro
insert into Dinosaurios (id_dinosaurio, fecha_nacimiento, especie, genero, altura, peso) values (7, '2012-08-14', 'Coelophysis', 'Macho', 1.15, 73.77);
insert into Dinosaurios (id_dinosaurio, fecha_nacimiento, especie, genero, altura, peso) values (9, '2013-06-22', 'Chindesaurus', 'Hembra', 2.42, 159.98);

insert into Dinosaurios (id_dinosaurio, fecha_nacimiento, especie, genero, altura, peso) values (2, '2018-07-21', 'Coloradisaurus', 'Macho', 4.5, 129.71); --herviboro
insert into Dinosaurios (id_dinosaurio, fecha_nacimiento, especie, genero, altura, peso) values (4, '2019-12-21', 'Eoraptor', 'Macho', 4.59, 15.9); --herviboro
insert into Dinosaurios (id_dinosaurio, fecha_nacimiento, especie, genero, altura, peso) values (5, '2020-02-05', 'Eoraptor', 'Macho', 4.6, 133.78);
insert into Dinosaurios (id_dinosaurio, fecha_nacimiento, especie, genero, altura, peso) values (6, '2012-06-27', 'Coloradisaurus', 'Macho', 2.73, 2.3);
insert into Dinosaurios (id_dinosaurio, fecha_nacimiento, especie, genero, altura, peso) values (8, '2002-03-04', 'Eoraptor', 'Macho', 1.6, 24.71);
insert into Dinosaurios (id_dinosaurio, fecha_nacimiento, especie, genero, altura, peso) values (10, '2022-06-26', 'Coloradisaurus', 'Macho', 1.73, 218.47);

--jurasico
insert into Dinosaurios (id_dinosaurio, fecha_nacimiento, especie, genero, altura, peso) values (11, '2000-04-21', 'Anchiornis', 'Hembra', 7.55, 3823.56); --carnivoro
insert into Dinosaurios (id_dinosaurio, fecha_nacimiento, especie, genero, altura, peso) values (12, '2006-08-19', 'Allosaurus', 'Macho', 6.84, 476.83); --carnivoro
insert into Dinosaurios (id_dinosaurio, fecha_nacimiento, especie, genero, altura, peso) values (13, '2011-01-12', 'Anchiornis', 'Hembra', 7.72, 1931.82);

insert into Dinosaurios (id_dinosaurio, fecha_nacimiento, especie, genero, altura, peso) values (14, '2013-09-25', 'Brachiosaurus', 'Hembra', 1.55, 1955.07); --herviboro
insert into Dinosaurios (id_dinosaurio, fecha_nacimiento, especie, genero, altura, peso) values (15, '2024-06-07', 'Allosaurus', 'Macho', 6.75, 4514.63);
insert into Dinosaurios (id_dinosaurio, fecha_nacimiento, especie, genero, altura, peso) values (16, '2014-03-08', 'Diplodocus', 'Macho', 4.59, 4731.21); --herviboro
insert into Dinosaurios (id_dinosaurio, fecha_nacimiento, especie, genero, altura, peso) values (17, '2005-03-16', 'Allosaurus', 'Macho', 6.1, 2158.16);
insert into Dinosaurios (id_dinosaurio, fecha_nacimiento, especie, genero, altura, peso) values (18, '2022-11-05', 'Brachiosaurus', 'Macho', 4.82, 4733.32);
insert into Dinosaurios (id_dinosaurio, fecha_nacimiento, especie, genero, altura, peso) values (19, '2014-04-07', 'Stegosaurus', 'Macho', 5.56, 2200.24); --herviboro
insert into Dinosaurios (id_dinosaurio, fecha_nacimiento, especie, genero, altura, peso) values (20, '2023-02-26', 'Stegosaurus', 'Hembra', 5.08, 4568.19);

--cretaceous
insert into Dinosaurios (id_dinosaurio, fecha_nacimiento, especie, genero, altura, peso) values (21, '2024-06-05', 'Carnotaurus', 'Macho', 2.38, 16267.44); --carnivoro
insert into Dinosaurios (id_dinosaurio, fecha_nacimiento, especie, genero, altura, peso) values (22, '2022-04-24', 'Tyrannosaurus', 'Hembra', 9.58, 19289.5); --carnivoro
insert into Dinosaurios (id_dinosaurio, fecha_nacimiento, especie, genero, altura, peso) values (23, '2011-11-12', 'Carnotaurus', 'Macho', 8.41, 1642.65);
insert into Dinosaurios (id_dinosaurio, fecha_nacimiento, especie, genero, altura, peso) values (24, '2022-02-14', 'Spinosaurus', 'Hembra', 3.34, 9679.41); --carnivoro
insert into Dinosaurios (id_dinosaurio, fecha_nacimiento, especie, genero, altura, peso) values (25, '2000-11-08', 'Spinosaurus', 'Macho', 7.86, 9820.63);

insert into Dinosaurios (id_dinosaurio, fecha_nacimiento, especie, genero, altura, peso) values (26, '2022-05-14', 'Triceratops', 'Hembra', 0.68, 19837.22);
insert into Dinosaurios (id_dinosaurio, fecha_nacimiento, especie, genero, altura, peso) values (27, '2007-06-04', 'Argentinosaurus', 'Hembra', 13.85, 5928.56);
insert into Dinosaurios (id_dinosaurio, fecha_nacimiento, especie, genero, altura, peso) values (28, '2006-11-18', 'Argentinosaurus', 'Hembra', 6.95, 19732.31);
insert into Dinosaurios (id_dinosaurio, fecha_nacimiento, especie, genero, altura, peso) values (29, '2003-06-27', 'Argentinosaurus', 'Macho', 6.9, 7864.84); --herviboro
insert into Dinosaurios (id_dinosaurio, fecha_nacimiento, especie, genero, altura, peso) values (30, '2016-07-10', 'Triceratops', 'Hembra', 3.99, 19660.62); --herviboro



--zonas
insert into ZonasDelParque (id_zona, epoca) values (1, 'Triásico');
insert into ZonasDelParque (id_zona, epoca) values (2, 'Jurásico');
insert into ZonasDelParque (id_zona, epoca) values (3, 'Cretácico');

--recintos
insert into Recintos (id_recinto, id_zona, area_m2, tipo, estado) values (1, 1, 522, 'Carnívoro', 'Óptimo');
insert into Recintos (id_recinto, id_zona, area_m2, tipo, estado) values (3, 1, 747, 'Carnívoro', 'Peligroso');
insert into Recintos (id_recinto, id_zona, area_m2, tipo, estado) values (4, 1, 795, 'Herbívoro', 'Comprometido');

insert into Recintos (id_recinto, id_zona, area_m2, tipo, estado) values (11, 2, 308, 'Carnívoro', 'Peligroso');
insert into Recintos (id_recinto, id_zona, area_m2, tipo, estado) values (2, 2, 761, 'Herbívoro', 'Subóptimo');
insert into Recintos (id_recinto, id_zona, area_m2, tipo, estado) values (5, 2, 560, 'Herbívoro', 'Óptimo');

insert into Recintos (id_recinto, id_zona, area_m2, tipo, estado) values (9, 3, 330, 'Carnívoro', 'Óptimo');
insert into Recintos (id_recinto, id_zona, area_m2, tipo, estado) values (7, 3, 330, 'Carnívoro', 'Óptimo');
insert into Recintos (id_recinto, id_zona, area_m2, tipo, estado) values (6, 3, 594, 'Herbívoro', 'Subóptimo');
insert into Recintos (id_recinto, id_zona, area_m2, tipo, estado) values (8, 3, 477, 'Herbívoro', 'Comprometido');


--victimas
insert into Victimas (dni, tipo, nombre, herida) values (12345726, 'Visitante', 'Renaldo Bennett', 'Hueso roto');
insert into Victimas (dni, tipo, nombre, herida) values (47534871, 'Visitante', 'Mickie Bande', 'Amputado');
insert into Victimas (dni, tipo, nombre, herida) values (32001345, 'Empleado', 'Shawna Cahey', 'Amputado');
insert into Victimas (dni, tipo, nombre, herida) values (12564329, 'Visitante', 'Berty Dunrige', 'Hueso roto');
insert into Victimas (dni, tipo, nombre, herida) values (27875986, 'Empleado', 'Riordan Enochsson', 'Amputado');
insert into Victimas (dni, tipo, nombre, herida) values (44381985, 'CEO', 'Lucio Luque Materazzi', 'Fatal');
insert into Victimas (dni, tipo, nombre, herida) values (45686392, 'CEO', 'Manuel Ramirez Silva', 'Fatal');
insert into Victimas (dni, tipo, nombre, herida) values (45522224, 'Empleado', 'Teo Manuel Kaucher', 'Fatal');

--incidentes
insert into Incidentes (id_incidente, tipo, fecha, hora) values (1, 'Contencion comprometida', '2021-09-05', '12:54 AM');
insert into Incidentes (id_incidente, tipo, fecha, hora) values (2, 'Escape de dinosaurio', '2023-03-10', '4:04 AM');
insert into Incidentes (id_incidente, tipo, fecha, hora) values (3, 'Acceso no autorizado', '2020-11-25', '8:38 PM');
insert into Incidentes (id_incidente, tipo, fecha, hora) values (4, 'Accidente de empleado', '2023-02-04', '12:58 PM');
insert into Incidentes (id_incidente, tipo, fecha, hora) values (5, 'Accidente de empleado', '2020-09-12', '8:16 PM');
insert into Incidentes (id_incidente, tipo, fecha, hora) values (6, 'Escape de dinosaurio', '2024-8-16', '1:13 PM');

--vivenen
--triasico-carnivoros
insert into VivenEn (id_dinosaurio, id_recinto, id_zona) values (1, 1, 1);
insert into VivenEn (id_dinosaurio, id_recinto, id_zona) values (7, 1, 1);

insert into VivenEn (id_dinosaurio, id_recinto, id_zona) values (3, 3, 1);
insert into VivenEn (id_dinosaurio, id_recinto, id_zona) values (9, 3, 1);
--triasico-herbivoros
insert into VivenEn (id_dinosaurio, id_recinto, id_zona) values (2, 4, 1);
insert into VivenEn (id_dinosaurio, id_recinto, id_zona) values (4, 4, 1);
insert into VivenEn (id_dinosaurio, id_recinto, id_zona) values (5, 4, 1);
insert into VivenEn (id_dinosaurio, id_recinto, id_zona) values (6, 4, 1);
insert into VivenEn (id_dinosaurio, id_recinto, id_zona) values (8, 4, 1);
insert into VivenEn (id_dinosaurio, id_recinto, id_zona) values (10, 4, 1);

--jurasico-carnivoros
insert into VivenEn (id_dinosaurio, id_recinto, id_zona) values (11, 11, 2);
insert into VivenEn (id_dinosaurio, id_recinto, id_zona) values (12, 11, 2);
insert into VivenEn (id_dinosaurio, id_recinto, id_zona) values (13, 11, 2);
--jurasico-herbivoros
insert into VivenEn (id_dinosaurio, id_recinto, id_zona) values (14, 2, 2);
insert into VivenEn (id_dinosaurio, id_recinto, id_zona) values (18, 2, 2);
insert into VivenEn (id_dinosaurio, id_recinto, id_zona) values (15, 2, 2);
insert into VivenEn (id_dinosaurio, id_recinto, id_zona) values (17, 2, 2);

insert into VivenEn (id_dinosaurio, id_recinto, id_zona) values (16, 5, 2);
insert into VivenEn (id_dinosaurio, id_recinto, id_zona) values (19, 5, 2);
insert into VivenEn (id_dinosaurio, id_recinto, id_zona) values (20, 5, 2);
--cretaceous-carnivoros
insert into VivenEn (id_dinosaurio, id_recinto, id_zona) values (21, 9, 3);
insert into VivenEn (id_dinosaurio, id_recinto, id_zona) values (22, 9, 3);
insert into VivenEn (id_dinosaurio, id_recinto, id_zona) values (23, 9, 3);

insert into VivenEn (id_dinosaurio, id_recinto, id_zona) values (24, 7, 3);
insert into VivenEn (id_dinosaurio, id_recinto, id_zona) values (25, 7, 3);

--cretaceous-herviboros
insert into VivenEn (id_dinosaurio, id_recinto, id_zona) values (26, 8, 3);
insert into VivenEn (id_dinosaurio, id_recinto, id_zona) values (30, 8, 3);

insert into VivenEn (id_dinosaurio, id_recinto, id_zona) values (27, 6, 3);
insert into VivenEn (id_dinosaurio, id_recinto, id_zona) values (28, 6, 3);
insert into VivenEn (id_dinosaurio, id_recinto, id_zona) values (29, 6, 3);


--Involucrados
insert into Involucrados (id_dinosaurio, dni, id_incidente) values (22, 12345726, 1);
insert into Involucrados (id_dinosaurio, dni, id_incidente) values (3, 47534871, 2);
insert into Involucrados (id_dinosaurio, dni, id_incidente) values (21, 32001345, 4);
insert into Involucrados (id_dinosaurio, dni, id_incidente) values (13, 12564329, 3);
insert into Involucrados (id_dinosaurio, dni, id_incidente) values (24, 27875986, 5);
insert into Involucrados (id_dinosaurio, dni, id_incidente) values (25, 44381985, 6);
insert into Involucrados (id_dinosaurio, dni, id_incidente) values (25, 45686392, 6);
insert into Involucrados (id_dinosaurio, dni, id_incidente) values (25, 45522224, 6);